,Treinamento,Etiquetas,Classificado
0,"@caos__0 eu no valorant :v
fon",2,Irrelevante
1,o cara q pra mim √© o melhor player de valorant do mundo joga osu,2,Irrelevante
2,mano algm upa meu passe no valorant na humildade,2,Irrelevante
3,"deletei o valorant, agora meu pc volta a ligar em 3 segundos",1,Relevante
4,quem tiver pc baixa valorant nessa porr que eu t√¥ no √≥dio e vai ser o dia todo s√≥ isso,1,Relevante
5,voltei a jogar valorant so por causa do mata mata,1,Relevante
6,viciei em valorant esse √© o tweet,1,Relevante
7,"@zncabral_ free fire fez mais sucesso que o valorant s√≥ no brasil, no resto do mundo quase ngm joga isso",1,Relevante
8,"alguem me explica o motivo das 12 do valorant (menos a shorty) atirar t√£o bem de longe???? tipo, comparando com cs e fortnite n√£o faz sentido os cara vai de bucky atacando vai se fuder",1,Relevante
9,rt @leozjn: o matchmaking do valorant n faz o minimo sentido,1,Relevante
10,vou ter que parar de jogar valorant pq t√¥ come√ßando a apresentar aqueles sintomas q aparecem quando o jogo t√° abrindo )):,1,Relevante
11,jogar valorant 9 da manh√£ pra discutir com crian√ßa que t√° matando aula remota,2,Irrelevante
12,"riot √© a empresa mais arrombada que existe, script n√£o toma ban, hack no valorant n√£o toma ban xd",1,Relevante
13,"o c√∫mulo do t√©dio √© fazer o parkour do treino do valorant

pelo menos eu conclui",2,Irrelevante
14,s√≥ vou entrar no valorant quando eu fazer meu resumo,2,Irrelevante
15,"@egidiax uffa, desculpa, mas geralmente quando leio isso √© de ff, drx, eu s√≥ jogo codm, vou pesquisar esse valorant que n√£o conhe√ßo kk",2,Irrelevante
16,ah beleza fui jogar valorant hj e deu erro e dps tela azul  -.-,2,Irrelevante
17,esse valorant ta de sacanagem mano,1,Relevante
18,[eu/pc] valorant solo que competitive  https://t.co/7zju1fnljx,2,Irrelevante
19,jogar contra awp no valorant √© a coisa mais broxante do mundo n da,1,Relevante
20,‚ö†Ô∏è a @teampiratees est√° √† procura de uma equipa de @valorant_pt https://t.co/ytjmj4obtz,2,Irrelevante
21,"melhor parte de ficar um tempo sem jogar √© q quando tu volta, tu volta dando aulas, brinquei hj no cs e no valorant",1,Relevante
22,@tacocs deus te aben√ßoe taquinho. vai pro valorant maninho,2,Irrelevante
23,@einegan @yxxmiin s√≥ tem cracudo jogando valorant,2,Irrelevante
24,rt @neeves19: ouvir in√™s aziar pelo valorant da-me anos de vida,2,Irrelevante
25,"s√≥ quero uns coleguinhas pra subir de elo no valorant, quem vem? https://t.co/vpoqdciv9j",1,Relevante
26,rt @ziggs1212: fitu derrubou o valorant,2,Irrelevante
27,@singularityyart vc tem que aprender a jogar valorant pra jogar cmg piranha,2,Irrelevante
28,algu√©m tira bind do valorant pelo amor de deus,1,Relevante
29,@valentineminett prefiro jogar valorant com os de f√©.,1,Relevante
30,"hoje eu cheguei no bronze no valorant, sinto que um mundo de possibilidades se abriu para mim. ent√£o, essa porta se fechou pq eu voltei pro ferro.",1,Relevante
31,rt @rafafranca08: fui jogar uma partida de valorant com a @sofiaespanha e a @issueilish e cairam 2 random no nosso time que ficaram o tempo‚Ä¶,2,Irrelevante
32,jogo valorant pra ser carregada pelo jack,2,Irrelevante
33,a galera caindo no valorant do nada e eu aqui de boa,2,Irrelevante
34,"fortnite is a sad boy rn

valorant it is, devo de come√ßar mais perto das 16h peeps https://t.co/ycttknjljy",2,Irrelevante
35,@impakzs aquele jogo de valorant foi t√£o n√£o worth it,1,Relevante
36,"acho que gostei mesmo de valorant, √© tuco atr√°s de tuco",1,Relevante
37,pensando na sapatona q conheci no valorant... acho q vou investir,2,Irrelevante
38,@pablovermell vamo valorant? √© que nem cs com poder,1,Relevante
39,vou desistir do valorant azar no jogo azar no amor azar no azar,1,Relevante
40,o beatmaker favorito de vcs gasta o dinheiro de todos os beats que ele vendeu esse m√™s pra comprar faca no valorant,2,Irrelevante
41,"feedback dos jogadores de valorant, pliz? üëÄ to pensando em voltar a jogar s√≥ de brinks, mas, qnd o jogo lan√ßou vi muita gnt falando q o game tava dando umas zikadas no pc e cmg na mesma √©poca o or√°cio precisou de atendimento (meu pc) coincidentemente. enfim, ta safe de jogar? üò∂",1,Relevante
42,"mano, hoje minha m√£o pra operator tava maravilhosa

ainda bem que o ano t√° acabando pq √© um evento anual isso aq, gastei meu especial j√°

#jett #valorant",1,Relevante
43,skin no valorant ? ou roupa pra eu vestir de vdd ? eis a d√∫vida cruel,1,Relevante
44,"pensando em qnd eu vo ter um pc pra jogar valorant coma a ahrixandra, nity e nita https://t.co/zd5vsa6kz8",1,Relevante
45,eu torando o pau no valorant com um macho misericordia,2,Irrelevante
46,kkkkkkkkkl realmente #valorant https://t.co/tgohv3pyy8,2,Irrelevante
47,"recebi da twitch
skins novas e bonitas no valorant, podem vir üôè",1,Relevante
48,"@essetalmatheus @yasjardim @atleticaaecs sim, cara. o que eu vejo da comunidade de valorant me enoja muito, lol tem momentos e momentos, mas n√£o tinha visto um rol√™ desse no lor, acredito que principalmente por ter time feminino conhecido. isso me deixou muito de cara quente.",1,Relevante
49,rt @dnlmefps: bom vou dormir o que acham de uma live de 24hrs quando eu acordar?? aproveitem e deixem ideia de jogos que eu possa jogar na‚Ä¶,2,Irrelevante
50,algum time focado no valorant. ? ent√£o se liga nesse player üöÄüöÄ https://t.co/6svoekhwx2,1,Relevante
51,"rt @hastadlol: muito feliz com as lives de valorant, foi a melhor decis√£o ter deixado lol de lado pelo valorant, amo esse jogo, e todo dia‚Ä¶",1,Relevante
52,@juvazsilva compra skin no valorant kkkkkkkkkkkkk,1,Relevante
53,@brusnaos raul so sabe jogar valorant mt guei,2,Irrelevante
54,bora de live extra cambada!! #valorant @twitchsie &gt;&gt;&gt;&gt; https://t.co/rwbl5vmtuk,2,Irrelevante
55,queria agradecer a ufrn e q jo√£o vitinho por patrocinar minha carreira acad√™mica e tamb√©m minha futura carreira como pro player de valorant. https://t.co/uqvib72x2s,1,Relevante
56,acabei de receber um email da faze pra jogar valorant profissional slk,1,Relevante
57,"rt @otiguitooficial: a c e üòâ #valorant

confira este clipe! otiguito transmitindo valorant!  https://t.co/whsbhkqhf3",2,Irrelevante
58,@pedroguemepleis @safi_soaresz baixar valorant n√£o quer,2,Irrelevante
59,"times ja registrados para a classificatoria do dia 26. 
o prazo de inscri√ß√£o encerra dia 17, as 23h59 https://t.co/5wn0dqjxvj

1-eximius honoravit
2- team libranus
3- viemos do valorant
4-war snow gaming
5- way 4 victory e-sports
6-new grecian
7-vision e-sports academy
(+)",2,Irrelevante
60,"ficar vendo esses camps de valorant e me da muita vontade de voltar a competir, sei que tenho n√≠vel suficiente pra estar em time top br. por√©m eu lembro de tudo que tem que fazer pra se manter no topo e jogando em alto n√≠vel. 12 horas de gameplay por dia. sem descansar, sem nada",1,Relevante
61,"indo dormir triste, pelo preconceito com o valorant",1,Relevante
62,fui expulso do meu time de valorant √© isso,1,Relevante
63,"ainda estou on
agora valorant
https://t.co/wvmza9phay",2,Irrelevante
64,trobo que no esteu valorant prou els meus #poetuits https://t.co/mgrtuwhzv8,2,Irrelevante
65,me inscrevi pra jogar valorant e cs pela atarq e eu nem sequer tenho os jogos instalados no meu computador ü•≥ü§©,1,Relevante
66,@yodaimel @sheviii2k diz isso at√© logar no valorantüòî,1,Relevante
67,vai faltar s√≥ um pra fechar o time no valorant..,1,Relevante
68,"@lauane_tedesco vem pro valorant, √© bom hehehehhe",1,Relevante
69,"luiz vive falando q eu sou muito boa no valorant, sendo que eu sou um lixo e eu sei vei kkkkkkkkkkk meu deus s√≥ me ilude",1,Relevante
70,@natliaantunes18 joga valorant cmg,1,Relevante
71,minha gameplay no valorant ao longo do dia √© assim https://t.co/k9f3wiz3qe,2,Irrelevante
72,vim pra lan e t√° tendo atualiza√ß√£o de 24h do valorant ou eu to louco?,2,Irrelevante
73,pensando aq no valorant q eu vou poder jogar,1,Relevante
74,@cowboyancap ta na hr de mudar esse cs por um valorant hein,1,Relevante
75,"@starkiandog ela vai achar primeiramente que √© trai√ß√£o, mas vai ficar aliviada quando ver que voce quer √© jogar valorant",1,Relevante
76,mlk desgra√ßado me ligando as 9hr da manh√£ pra gente jogar valorant vai tomsr no cu,1,Relevante
77,"@gritacristopher @vhugosk zeramos the vision, e eu como jogadora de valorant sou uma √≥tima suporte, t√° safe",1,Relevante
78,"dica da noite, 

n√£o joguem valorant.",1,Relevante
79,"@zdarkyoshi se vc olhar o canal de clipes da offline tv (offline tv &amp; friends) vc vai ver que, recentemente, s√≥ tem v√≠deo de valorant e among us",2,Irrelevante
80,valorant 10 da manha rushar passe,1,Relevante
81,"rt @tiago42480053: peguei jett pra bagun√ßar! | #valorant @hastadlol  https://t.co/bvcicvooge 

ultra talentoso",2,Irrelevante
82,@gaberedede p√¥ mano s√≥ agradece üôåüèºüôåüèº mais al√©m entro discord pra dale um valorant com voc√™s pode p√°?,1,Relevante
83,sdds do q eu j√° vivi #valorant #valorantgameplay https://t.co/qvkwxl3fve,1,Relevante
84,"quero jogar valorant, mas random pra upar patente n da ;-;",1,Relevante
85,da pra jogar valorant sozinho nao pqp,1,Relevante
86,cara slk n consigo jogar valorant mano to jogando mt mal q isso,1,Relevante
87,se valorant nao roda agora por causa da net e meu ping fica 1100 eu choro a noite inteira,1,Relevante
88,meu nick no valorant https://t.co/ctwdl9hlbx,2,Irrelevante
89,g na valorant na!,2,Irrelevante
90,"@velascomak g g g g, valorant or ml???",2,Irrelevante
91,"eu agora entendo meus amigos lolzeiros e sua rela√ß√£o abusiva com a riot 
valorant pq faz isso",1,Relevante
92,"rt @tgamerinsidebr: novo v√≠deo de vagas de emprego: https://t.co/jhpjow0ibw

essa semana apresentamos vaga de valorant news writer na @gfin‚Ä¶",2,Irrelevante
93,"estou prata no valorant,este √© o tweet.",1,Relevante
94,jogo tanto valorant que de noite fico com o barulho da spike e a granada da raze na cabe√ßa ü•¥ https://t.co/88bgxcphhu,1,Relevante
95,vou viciar em valorant √©,1,Relevante
96,valorant caiu s√≥ p mim?,1,Relevante
97,valorant vai ficar indispon√≠vel bem no meu anivers√°rio üëçüëçüëçüëçüëçüëçüëç blza,1,Relevante
98,3 pessoas do meu time no valorant usam net e ficaram caindo no meio da partida. que porra √© essa parcero,1,Relevante
99,oi joguem valorant cmg,1,Relevante
100,triste pq meu note roda valorant morrendo com menos de 20 fps kkkkkk,1,Relevante
101,"eu vou fazer a seguinte barganha cmg, se eu terminar o trabalho at√© as 14 hrs eu vou poder jogar uma partida de valorant",1,Relevante
102,quando eu come√ßar a jogar camp no valorant ngm vai me segurar,1,Relevante
103,@drxkonz t√° on fire no valorant fi,2,Irrelevante
104,"@aykow_ basicamente o meu ""squad do valorant"" n me contou umas parada de extrema importancia pro grupo, basicamente me deixou de fora, e eu fiquei putinhokkkmkkkkk

mds vei eu sou mt idiota slk",2,Irrelevante
105,"coisas in√∫teis sobre mim
altura ‚Äî 1,78
idade ‚Äî 21
tamanho do p√© ‚Äî 41
signo ‚Äî virgem
tatuagens ‚Äî 1
piercing ‚Äî 2
cor fav ‚Äî amarelo/rosa
s√©rie fav ‚Äî kk n tem
animal fav ‚Äî cachorro
comida fav „Éº mds acho q n tenho 
bebida fav ‚Äî hmm espanhola 
jogo fav ‚Äî valorant kk https://t.co/ge0ujil4fb",2,Irrelevante
106,sou horr√≠vel no valorant vou desinstalar,1,Relevante
107,valorant fans eu fiz um wallpaper pra vcs https://t.co/myvfzqze8p,2,Irrelevante
108,"@momo_plopes ""vamo um valorant chama ai""",1,Relevante
109,foda jogar valorant com time que n fala nada,1,Relevante
110,valorant consegue ser merda num pc de 9k vsf,1,Relevante
111,"eu peguei o √°udio atrav√©s do ""al√¥, quem fala?"" no catarse (https://t.co/nnjy7nwktq), um projeto que visa amparar dubladores que ficaram sem trabalho por causa da pandemia!

tem v√°rios dubladores do valorant por l√°, vale a pena dar uma olhada quem quiser! :)",2,Irrelevante
112,"coisas in√∫teis sobre mim

altura‚Äî 1,73
tamanho do p√©‚Äî 40/41
signo‚Äî escorpiao
tatuagens‚Äî 0
piercing‚Äî 0
cor fav‚Äî preto
s√©rie fav‚Äî supernatural
animal fav‚Äî @duck4tt
comida fav„Éº pizza
bebida fav‚Äî agua
jogo fav‚Äî valorant https://t.co/apw1tqrc8o",2,Irrelevante
113,nem credito que posso jogar valorant sem passar raiva e fazer raiva nos mlks,1,Relevante
114,@henckermc_ @maluujoga sabe le nao corno kkk chat do valorant,1,Relevante
115,@caiosilvw baixa valorant cainho mt melhor,1,Relevante
116,"@rafamineblox roi, td bem? entra valorant agr",2,Irrelevante
117,algu√©m aq joga valorant?,1,Relevante
118,"o mundo precisa de um jogo 
leve estilo  point blank 
skins do.     cs go 
divulga√ß√£o  do valorant
gr√°fico do.   crossfire

jogo pesado n√£o d√° certo .",2,Irrelevante
119,"rt @vin1zi: fa√ßo live todos os dias na twitch,e hj eu e @ricsilva02 passamos por um ato ridiculo e desrespeitoso jogando valorant, homof√≥bi‚Ä¶",2,Irrelevante
120,"@kittycatnini @gtzbulls @wortengamering_ @valorant_pt ser√° que √© hoje que a linda @kittycatnini acaba o cosplay da kilijoy personagem do valorant, vem da√≠ dizer um ol√°.ü§©ü§©üòò",2,Irrelevante
121,joguei 4 partidas de valorant so agr de manh√£,1,Relevante
122,o valorant s√≥ travando meu deus que desgra√ßa,1,Relevante
123,joga valorant pra desconta minha raiva nos bonequinho fds,1,Relevante
124,@ferbs0n esse gato sou eu jogando valorant,2,Irrelevante
125,ultima vez tentando baixar esse valorant,1,Relevante
126,meta pra 2020: n√£o ter um avc jogando valorant,1,Relevante
127,valorant pouco bugado gra√ßas a deus,1,Relevante
128,valorant ta viciado em mim,1,Relevante
129,valorant bugando kiso deus,2,Irrelevante
130,@extruque @designdelvaux qual a fonte do valorant,1,Relevante
131,"@felipehime @piscolisco @015watson @milalaranjeira faz stream desse time ai, discutindo ciencia enquanto joga valorant.",2,Irrelevante
132,"comendo amendoim, jogando valorant e ouvindo a playlist brbr da @111jacare",2,Irrelevante
133,acho q vou ver umas live de valorant viu,1,Relevante
134,"bom vou dormir o que acham de uma live de 24hrs quando eu acordar?? aproveitem e deixem ideia de jogos que eu possa jogar na live al√©m do valorant 
@laetusgg  o que acham em? &lt;3 https://t.co/c5pqanzlue",2,Irrelevante
135,me chamaram pra jogar um campeonato semi-profisional de valorant eu to com um pe atras por n ser um jogo que eu goste assim,1,Relevante
136,rt @eujogador: ‚ö†Ô∏è a @teampiratees est√° √† procura de uma equipa de @valorant_pt https://t.co/ytjmj4obtz,2,Irrelevante
137,"@srfalik amigo, estou voltando a jogar valorant",1,Relevante
138,nessa quarentena a unica coisa q aprendi a fazer de novo √© ter reflexo das coisas antes eu era uma monga joguei valorant agr to sabendo diferenciar as coisas kkkkkkkkkkk,1,Relevante
139,comprei o passe de batalha do valorant mas eu nem jogo muito ü§°,1,Relevante
140,"@cogumelolety fica tranquila, √© s√≥ o momento.
eu tava malz√£o, ca√≠ 3 elos em um dia e agora t√¥ destruindo no cs e no valorant.
pra ser bom tem que se foder muito mesmo",1,Relevante
141,"n√£o joguei valorant ontem, milagre?",1,Relevante
142,"@mariae_ds vou ficar jogando isso. 
geralmente fico no dota2 / valorant / champion legion",2,Irrelevante
143,algum desocupado duo valorant casualzinn,1,Relevante
144,rt @limaamnda0: ruan n√£o me acordou 3:50 pra jogar valorant n√£o n√©? corno,1,Relevante
145,mano eu to a tanto tempo sem jogar valorant que nem lembro mais os comandos do jogo mds,1,Relevante
146,"no art, de ruim, s√≥ a gameplay dele no valorant. +",2,Irrelevante
147,"agora foi minha f√£ zirondix que tbm n√£o me deixa em paz, vive pedindo pra eu carregar no valorant https://t.co/potko4iya6",2,Irrelevante
148,tem uns palavr√£o que eu s√≥ falo quando to jogando ent se vc nunca me viu jogando lol ou valorant vc nunca me ouviu falando eles,1,Relevante
149,gameplay de valorant at√© as 02horas  üíú https://t.co/zzud8dmkb7,1,Relevante
150,"4kzinho da live de hj
https://t.co/utpbcbyvgl 
.
#valorant #valorantclips https://t.co/snnysszduz",2,Irrelevante
151,"@heyiitskei as comunidades mais t√≥xicas do valorant s√£o sem duvidas as portuguesa, italiana e eg√≠pcia, √© muito raro encontrar algu√©m que n√£o seja puro √≥dio",2,Irrelevante
152,"@sofiaespanha vai de valorant mo, deixa os reality pra dps, o radiante n espera",2,Irrelevante
153,"rt @shumzete: grandes jogos na scrim, grandes jogadas no valorant e comecei a assistir kimetsu no yaiba, hoje foi um dia muito bom",2,Irrelevante
154,"@jp_rodrigu3s_ @juliaboeiraa__ achei uma contrata√ß√£o inovadora, pra mudar o cen√°rio de valorant e de roblox de uma vez por tdas",1,Relevante
155,alguem quer jogar valorant,1,Relevante
156,ser√° se eu come√ßo a jogar valorant e deixo o lol de lado,1,Relevante
157,"coisas in√∫teis sobre mim:

altura ‚Äî 2,00
idade ‚Äî 17
tamanho do p√© ‚Äî 48/49
signo ‚Äî g√™meos
tatuagens ‚Äî queri mas n√£o
piercing ‚Äî  queria
cor fav ‚Äî azul e amarelo
s√©rie fav ‚Äî shadowhunters
animal fav ‚Äî lontra
comida fav ‚Äî yakissoba
bebida fav ‚Äî pepsi
jogo fav ‚Äî valorant/minecraft https://t.co/f5eu7iw0nn",2,Irrelevante
158,2/3 da aula hj foi o professor falando como o valorant estragou o computador dele,1,Relevante
159,@ddcstro @sodre77 slc vo valorant e dormir,2,Irrelevante
160,@anacarolbueno_ vamo valorant p√¥ kkkkkkkkk,2,Irrelevante
161,@furaoplays mudaste para o famoso rato e teclado??? a ver se arranjo um tempo para ver isso! talvez at√© comece a jogar apex a ver se largo o valorant üòÅ,2,Irrelevante
162,"rt @jakethemagee: v√≠deo novo no canal
minha primeira an√°lise de valorant
an√°lise de fpx x g2 no blast valorant twitch invitational
(feedbac‚Ä¶",2,Irrelevante
163,@umpatodoispato achei at√© q era um print do chat do valorant,2,Irrelevante
164,to dando bala demais nesse valorant,1,Relevante
165,"coisas in√∫teis sobre mim 
altura ‚Äî 1,75
idade ‚Äî 15
tamanho do p√© ‚Äî 40
signo ‚Äî  libra
tatuagens ‚Äî 0
piercing ‚Äî 1
cor fav ‚Äî preto
s√©rie fav ‚Äî b99
animal fav ‚Äî cachorro 
comida fav „Éº pl
bebida fav ‚Äî coca 
jogo fav- valorant/cod https://t.co/dgtrjp9k4n",2,Irrelevante
166,"@leannlimaa kkkkkkkkkk pha de quarentena e valorant, to ficando surtado ja",2,Irrelevante
167,queria se boa jo valorant,2,Irrelevante
168,"parab√©ns velho voc√™ √© o cara mais foda que existe voc√™ √© bom em tudo, valorant design e arte digital o vic √© o mais brabo https://t.co/7wu1xujjwk",1,Relevante
169,"@starkiandog joga uma bomba de fuma√ßa, ai aparece escrito ""quer jogar valorant cmg?""",1,Relevante
170,"üèÜ @b4ofc1 e @teamvikings lideram primeiros classificados para seletiva final do @gamersclubval ultimate

ainda tem mais 16 vagas em jogo! veja a lista üëá

 https://t.co/dnshraheta #valorantzonegg #valorant https://t.co/unp19who1h",2,Irrelevante
171,falta menos de um m√™s pro novo passe de batalha do valorant e eu ainda t√¥ no tier 7 mds,1,Relevante
172,"valorant parece que me odeia
pq n importa quantas partidas eu sou mvp ele me desce",1,Relevante
173,pensando ontem o valorant querendo calar eu nity e a nita q √≥dio,1,Relevante
174,e eu q coloquei minha irma p rushar meu passe do valorant pq sou incapaz de ficar mt tempo jogando sem tiltar,1,Relevante
175,"@borbx kkkkkk, entendo bem. valorant parei de jogar tem um tempo e n√£o t√¥ afim de gastar 30 pila em fall guys",2,Irrelevante
176,algu√©m poderia comprar skin para mim no jogo valorant e eu digo se esperava ou n√£o?? #valorant,2,Irrelevante
177,@juliaboeiraa__  nova contrata√ß√£o da line up de valorant üò§,2,Irrelevante
178,cara como t√° prazeroso jogar valorant com a minha muie,1,Relevante
179,"tava no valorant na sele√ß√£o de agente, equipe nem tava formada e o cara ja foi racista no audio, nem escolhi agente pra sair daquele time... foda... foda...",2,Irrelevante
180,"@bruce_ja_tinha @jehapedro @tinydarkk fuck youüò°üò°üò°, b√≥ jogar valorant amanh√£",2,Irrelevante
181,mais um dia eu escutando o suzuki e o geh tretando por causa de valorant kakakakakkskakakakaka,2,Irrelevante
182,reuni√£o da a√ß√£o de hoje e eu aq vendo v√≠deo de valorant enquanto o pau come na call üòé,2,Irrelevante
183,"moza sua maravilhosa, como eu fa√ßo para jogar um valorant com vc? ‚Äî s√≥ chama na dm a gente marca esse game  https://t.co/6muzaisu9u",2,Irrelevante
184,rt @o_ferruge: eu to horrivel no valorant,1,Relevante
185,"acabou porra!!! t√£o cedo quero saber de lol 

mas j√° adianto logo.... algu√©m a√≠ joga fifa? valorant?

como sempre.... novidades em breve kkkkkkkkkkkkkk https://t.co/lj6m1gooeg",2,Irrelevante
186,@pedrospagnoloo @teampiratees @not_joana @valorant_pt @rixx1515 deve tar ganda pro no jogo o gajo üòÇ,2,Irrelevante
187,"hey! sou o julio cesar, streamer br de valorant, gta, e cod.  as vezes jogo jogos variados. ent√£o se voc√™ curte trocar uma ideia e ver um gameplay um tanto quanto divertido, √© s√≥ vir que estou esperando por voc√™. me ajudem a compartilhar meu conte√∫do com jogadores assim como eu.",2,Irrelevante
188,"√© guys, infelizmente √© o fim da line da sws de valorant, sendo assim, estou free agent.. üôåüèª",2,Irrelevante
189,"rt @valorantzonegg: üèÜ @b4ofc1 e @teamvikings lideram primeiros classificados para seletiva final do @gamersclubval ultimate

ainda tem mais‚Ä¶",2,Irrelevante
190,"a c e üòâ #valorant

confira este clipe! otiguito transmitindo valorant!  https://t.co/whsbhkqhf3",2,Irrelevante
191,s√©rio eu s√≥ queria jogar um valorant com a @sofiaespanha üòîüëâüëà,1,Relevante
192,"mds do c√©u, indo dormir 01:20 da manh√£ por causa de valorant kkkkk

minha m√£e s√≥ faltou me bater com meus gritos rsrsrsrrr",1,Relevante
193,"rt @teampiratees: team pirates esports investe no @valorant_pt üîµ‚ö™Ô∏è

hoje anunciamos a nossa aposta na modalidade de valorant, onde procuram‚Ä¶",2,Irrelevante
194,"altura‚Äî 1,76
idade‚Äî 18
tamanho do p√©‚Äî 44
signo‚Äî aqu√°rio
tatuagens‚Äî 0 
piercing‚Äî 0
cor fav‚Äî cinza/branco
anime fav‚Äî lost canvas
animal fav‚Äî  
@hozuslol 
 
comida fav„Éº lasanha
bebida fav‚Äî coca
jogo fav‚Äî valorant https://t.co/u3bninp8gu",2,Irrelevante
195,abri o valorant hj e estava com 2h de na por n√£o ter escolhido agente ????????,2,Irrelevante
196,@jajaramae tara valorant char,2,Irrelevante
197,"@davizinhn valorant n√£o tem mod logo minecraft √© melhor üòéüòé

refutado üòéüòéüòé",2,Irrelevante
198,ouvir in√™s aziar pelo valorant da-me anos de vida,2,Irrelevante
199,@k1zpawn @fmsyouknow valorant demasiado facil...,2,Irrelevante
200,"fds, fuma um e joga um valorant",2,Irrelevante
201,"rt @viniciusl14: times ja registrados para a classificatoria do dia 26. 
o prazo de inscri√ß√£o encerra dia 17, as 23h59 https://t.co/5wn0dqj‚Ä¶",2,Irrelevante
202,eu n√£o levo jeito para joguinhos. fui jogar valorant e s√≥ passei vergonha,1,Relevante
203,"@valorantbrasil so quero saber como ta funcionando ticket no valorant, peguei duas vezes o mesmo grupo de pessoas usando drop na madrugada",1,Relevante
204,"@jaimepadua chama noixxx @stbxesports
tamo come√ßando o projetim com time feminino de lol, sem contar os players/times q t√£o jogando o fino em outros games (valorant, r6, lol, hearthstone e por a√≠ vai)

da uma chance pra conhecer nosso trabalho ü§çüíö",2,Irrelevante
205,pior que eu gostei de valorant,1,Relevante
206,to triste queria uns valorant points pra ficar feliz,1,Relevante
207,tem valorant pra ps4?,1,Relevante
208,"ouvindo cypher 4m, jogando valorant e em call, meu dia melhorou 90%",2,Irrelevante
209,queria jogar valorant com a lia vo chora ! üò≠,1,Relevante
210,@eslcs eu acho engra√ßado dps q a chaos come√ßou a jogar em camps grandes parou de xitar s√≥ q esse time uma hora vai pro valorant pq eles s√£o ruins pra krl,2,Irrelevante
211,vivendo ou tentando falar preciso de cu (-ra) aqui no valorant?,2,Irrelevante
212,"rt @pingumk8: @moonkase valorant nada, jogar com os inscritos sem ser de madrugada",2,Irrelevante
213,e eu que loguei no valorant e abriu o cliente do lol,1,Relevante
214,"coisas in√∫teis sobre mim
altura ‚Äî 1,74
idade ‚Äî 23
tamanho do p√© ‚Äî 42
signo ‚Äî g√™meos
tatuagens ‚Äî 0
piercing ‚Äî 0
cor fav ‚Äî branco
s√©rie fav ‚Äî drive to survive
animal fav ‚Äî raposa
comida fav „Éº lasanha
bebida fav ‚Äî suco de acerola com laranja
jogo fav ‚Äî valorant por enquanto https://t.co/bkroqt0dqz",2,Irrelevante
215,queria valorant mas essa buceta d√° a doida no meu pc por motivos de n√£o sei j√° que a porra do pc tem as configura√ß√µes necess√°rias,1,Relevante
216,"pelo amor de deus cad√™ as marcas as empresas as multinacionais que anunciavam no youtube?????? 

eu nao aguento mais an√∫ncio de league of legends. 

eu nao quero perder a sanidade em jogo ruim! j√° basta o que passo em valorant e fifa! https://t.co/lrl74lnbxd",2,Irrelevante
217,"pra quem quiser ver a tabela:
https://t.co/6f7tglzefr",2,Irrelevante
218,"rt @valorant_pt: os f√£s de valorant t√™m andado ocupados dentro e fora do jogo! v√™ s√≥ algumas das cria√ß√µes em 3d.

‚Äúfaca‚Äù prime @minanadesti‚Ä¶",2,Irrelevante
219,@hg__mercury no more 1-5 am valorant https://t.co/y7qmghgwpp,2,Irrelevante
220,"valorant | vai, faz a fila üò≥ https://t.co/zl7eura71u",2,Irrelevante
221,"@henrisoncruz adiciona pinscher parker l√° no lol, mas ando jogando s√≥ valorant",2,Irrelevante
222,@marcopneto podia ir para um valorant hein,1,Relevante
223,"@cerealradical mas t√¥ no valorant, shiu",2,Irrelevante
224,rt @fntt_: o cara joga mt qm tiver interesse e tiver procurando uma line de valorant considere bastante chamar ele,1,Relevante
225,"altura ‚Äî 1,75
idade ‚Äî 13
tamanho do p√© ‚Äî 42
signo ‚Äî dinossauro
tatuagens ‚Äî ainda nao
piercing ‚Äî  sobrancelha
cor fav ‚Äî preto
s√©rie fav ‚Äî atypical
animal fav  _ lobo ou hiena
comida fav ‚Äî pure
bebida fav ‚Äî agua
jogo fav ‚Äî valorant https://t.co/tk7akpyavv",2,Irrelevante
226,acordei mais cedo pra jogar uma partida de valorant fodas tb,1,Relevante
227,"oi, voc√™ poderia depositar dinheiro na minha conta pra eu poder comprar novas armas no valorant?",2,Irrelevante
228,"@xiaoxien odeio jogar valorant por isso, meu",1,Relevante
229,"rt @sssimpsonyan: oi pessoal, agora √© a stream oficial de valorant com meu best.

o intuito √© fazer 3 horas de live, mas vamos ver o quanto‚Ä¶",2,Irrelevante
230,fitu derrubou o valorant,2,Irrelevante
231,instalando valorant nesse caco aqui kkk,1,Relevante
232,queria algu√©m pra jogar valorant e lol mkkkkk,1,Relevante
233,@viniciusamatos1 eu troquei pelo valorant q me tilta menos por√©m j√° sou estressada por vida,1,Relevante
234,"rt @ravagingsavage: cheetor!?
#valorant #gamer #twitch #streamer https://t.co/c8a0g2gm9t",2,Irrelevante
235,vontade de jogar valorant,1,Relevante
236,"kk reyna jovem 
#valorant #valorantfanart #valorantbrasil https://t.co/zyrcuhvxmk",2,Irrelevante
237,"@hastadlol claro no lol tu √© horrivel, diamante, no valorant vc joga bem, radiante. faz sentido cara... asdlklksadlkdsa. ninguem gosta de perder e nao √© pq vc tem fama q ganha respeito d geral",2,Irrelevante
238,s√≥ tem mongol√≥ide no competitivo do valorant pqp,1,Relevante
239,"rt @granks_br: saiu o episodio 1 do gold ao radiante do valorant, nmrl n custa deixar o like e se gostarem at√© se inscrever, bjs pra vcs

h‚Ä¶",1,Relevante
240,"@lszin_ @rafafranca08 @caduziiiin @sofiaespanha @issueilish exato mano, ontem joguei cs com um e um cara pior q eu me xingando e tals ai kitei mas mesmo assim, dps de tipo anos cai poucas vezes com pessoas toxicas em mm da pra conta nos dedos, ai fui joga valorant na segunda partida tinha nego chamando outro de macaco no sentindo dehumilh",2,Irrelevante
241,"caralho mano rodou valorant no computador da minha v√≥, eu to muito feliz aaaaaa",1,Relevante
242,@custons2 menos no valorant pois sou o melhor,1,Relevante
243,"muleque me chamou de hack no valorant e perguntou o que eu usava 
eu simplesmente falei huzuni e ele realmente achou que eu usava kkkkkkkkkkkkk e falou que ia baixar",2,Irrelevante
244,"rt @maffittaa: estou em direto na twitch. v√™ em https://t.co/xtfnqjhbpg valorant ranked com o melhor coach!!

@growupesports
@coachcruzz",2,Irrelevante
245,eu odeio valorant,1,Relevante
246,"@fricardo007 p√¥, n√£o curti ele n√£o. jogabilidade zoada pra mim que era acostumado com o fortnite. voltei pro fort e vou come√ßar valorant. warzone out",2,Irrelevante
247,"meu deus eu joguei a partida de valorant mais aleat√≥ria da minha vida kkkkkk tinha eu, um tiozao de 40 anos, uma garotinha de 11 e 2 mulheres mto ruins kkkkkk eu nunca ri tanto",1,Relevante
248,"mlq toda vez que vou trabalhar com hildemar e tenho que dormir l√°, jogo valorant no pc do gerran e fico com a impress√£o de que se eu pudesse jogar todo dia eu conseguiria melhorar mt r√°pido nesse jogo. alguem me arruma um pc pra joga valorant pelo amo de deus",2,Irrelevante
249,"falando em mundiais, tem algum time brasileiro de valorant se destacando em algum camp internacional?",2,Irrelevante
250,vo fazer um teste pra ve como fica stream de valorant fodase,1,Relevante
251,"vlww pela live gang, bagulho t√° crescendo e t√° cada dia mais divertido o nosso rol√™, mixzada com o chat t√° o hype kk
parabainss pra quem ganhou no sorteio: @crossdimitri1 levou a peita da furia e a @gabscornio_ ganhou 2175 valorant points ‚ú® https://t.co/tmbcuonysd",2,Irrelevante
252,valorant e o balaaaa,1,Relevante
253,assim q segura um bomb de killjoy hahah #valorant @guilherme_gohan #valorantzonegg #valorantgameplay https://t.co/bhxpx9lznd,2,Irrelevante
254,@malupki pode deixar!!! os jogos √© que ao menos vejo que c√™s ficam mais pelo lol ou valorant (e valorant por algum motivo depois que saiu do beta meu notebook parou de aguentar o jogo),2,Irrelevante
255,"üë®‚Äçüè´ guia: entenda o #valorant ignition series e saiba como funciona o circuito

veja quais s√£o os pr√≥ximos campeonatos üëá

https://t.co/ulpx456gd7 #valorantzonegg https://t.co/mgwfa7gpam",2,Irrelevante
256,"@valorantbrasil 13 horas pra traduzir um texto 
parabens valorant brasil",1,Relevante
257,ruan n√£o me acordou 3:50 pra jogar valorant n√£o n√©? corno,1,Relevante
258,"vai se fude, eu te amo valorant https://t.co/frrmhlugxt",1,Relevante
259,basic to tara valorant https://t.co/ir5l44eu6i,1,Relevante
260,"agora algu√©m da chat no valorant pra mim

eu: ?? 

apenas ü§°",2,Irrelevante
261,trampo o dia inteiro garanto meu ¬• di√°rio volto p casa como bem jogo valorant queimo um importado papo reto q n tamo t√£o mal assim n sabe,2,Irrelevante
262,"a√≠, esse valorant t√° me ferrando no lol, sempre gasto flash na base quando come√ßa a partida, pq j√° saio usando w a s d",2,Irrelevante
263,"j√° fiz um ou outro no cs, mas atualmente o valorant tambem ouvi dizer que d√° https://t.co/kgw1j5kalt",1,Relevante
264,@bruno_buceta uma vez isso aconteceu no valorant e no discord e era pq o anti cheat do jogo tava fudendo o discord e o pc junto üíÄüíÄüíÄ,2,Irrelevante
265,rt @putzbacca: bora de live extra cambada!! #valorant @twitchsie &gt;&gt;&gt;&gt; https://t.co/rwbl5vmtuk,2,Irrelevante
266,"eu dormi no meio da partida de valorant kejruskdhskdod e o pior, com o discord conectado...............",2,Irrelevante
267,valorant t√° deixando minha mira no cs defeituosa,1,Relevante
268,30 de fps no valorant mano que inferno,1,Relevante
269,@saloma1wk faz no valorant?,2,Irrelevante
270,@cyanloveserafim secalhar ela viu aqueles posts duvidosos que metes like ü§∑üèª‚Äç‚ôÇÔ∏è,2,Irrelevante
271,nunca mais joguei com crian√ßa no valorant e t√¥ triste por isso :(,2,Irrelevante
272,"@rafamineblox eae, entra no valorant ai",2,Irrelevante
273,"se tem uma palavra que me define no valorant √©: zikada

meu time jogando sem mim: bind, haven, ascent
meu time jogando comigo: split, split, split

jogo t√° 7x1 e eu percebo: perdemos de virada
falo que o jogo t√° tranquilo: perdemos",1,Relevante
274,procuro um novo squad no valorant.,1,Relevante
275,"@worldbuffett ningu√©m mais aguenta, geral pegou trauma de valorant",2,Irrelevante
276,se o vanguard funcionasse no pc da minha m√£e eu ia conseguir jogar valorant https://t.co/qyvehxr1we,1,Relevante
277,"‚úÖ @envy troca @akiscsgo e @c4lypso_ por @food_cs e @crashies no elenco ativo de #valorant

boa aquisi√ß√£o? a dupla j√° atuava junto na t1

https://t.co/fcyqdggyxd #valorantzonegg https://t.co/cnp7xi71ac",2,Irrelevante
278,vou voltar a jogar valorant feito gente,1,Relevante
279,que porra ta acontecendo com o server do valorant ?,1,Relevante
280,@paivacsgo e pq tu n viu como esta o valorant kkkkkkkkkkkk,1,Relevante
281,"rt @va_nessao: live on! vamos de valorant, mais tarde vamos de rp
links a√≠ em baixo",2,Irrelevante
282,"rt @thakersgaming: curte fortnite, valorant, fall guys, ?  na live do tuco tem isso e mais um pouco! ü§†

@arthur_lopes3 seja muito bem vindo‚Ä¶",2,Irrelevante
283,"@pittspotty um pouco de lol, comecei a jogar valorant a uns 3 dias, minecraft, among us e, √© isso, eu acho",2,Irrelevante
284,"tava jogando valorant com laryssa e emerson e eu tava com a sage n√©, a√≠ a menina comentou ""a sage √© fraca, at√© mesmo com escudo"" laryssa xingou a menina de ""idiota"" porque ela estava falando de mim, s√≥ que o problema t√° no seguinte: o microfone da lar√™ tava aberto e todos ouviram",2,Irrelevante
285,"rt @heywolfx: @essetalmatheus @yasjardim @atleticaaecs sim, cara. o que eu vejo da comunidade de valorant me enoja muito, lol tem momentos‚Ä¶",2,Irrelevante
286,"02:30
11-5
12-14
boa noite. odeio valorant.",1,Relevante
287,"a √∫nica vontade no momento
jogar bem valorant 

tempo, temos? n√£o temos",1,Relevante
288,"s√≥ pra registrar do dia em que fiz um ace pela primeira vez üòç
e ainda fui mvp da partida üíô
.
.
#valorant #raze #mvp #ferro1 #fps 
#pewpewpew https://t.co/eucjpy2dwd",1,Relevante
289,"rt @ktzsrj: valorant | vai, faz a fila üò≥ https://t.co/zl7eura71u",2,Irrelevante
290,galera do valorant se liga ai! andrezao fa https://t.co/9jsnfz6bae,2,Irrelevante
291,"@valorant_jota mintirah, foi no insta üòé",2,Irrelevante
292,socorro eu e o @davizinhn n√£o conseguimos parar de jogar valorant,1,Relevante
293,"professor da pausa de 10 minutos, eu "" um v√¥ jogar um valorant d√° tempo sim""",2,Irrelevante
294,a comunidade de valorant consegue ser doente ao ponto de ser racista com jogadores que est√£o usando um personagem negro na moral v√£o se tratar https://t.co/ywelyoxkwq,2,Irrelevante
295,@viniciusl14 como se inscreve vini? queria jogar o de valorant,2,Irrelevante
296,"valorant jogador de merda
https://t.co/d1it4jgdxe",2,Irrelevante
297,crlh fiz um ace gostoso no valorant agora,1,Relevante
298,"soltamos um servidor no discord pra quem quer ver mais sobre #valorant, montar times, trocar uma ideia soltar clipes e divulgar lives, o server √© do xsaladarato, hoje imortal 1 subindo para o radiante ! s√≥ colem nas lives e no discord. https://t.co/jwmkclvbek",2,Irrelevante
299,"@roogomes nem jogo valorant, mas de tanto ver c√™ jogar t√° me dando vontade. kkkkk",1,Relevante
300,"@neshastore dps que eu joguei valorant, todas as minhas armas sem skins, eu percebi que n√£o √© a skin que d√° skill e sim voc√™! ent√£o n√£o",1,Relevante
301,"√©
madruguei no valorant",1,Relevante
302,"queria come√ßar a jogar valorant, mas oq impede eh a falta do pc e da net boa",1,Relevante
303,@baekpiolho vamos jogar valorant?,2,Irrelevante
304,"rt @snwgg_: s√°bado, dia 12/09, nosso time de valorant, disputou o on fire cup, ganhando duas partidas e perdendo para a @detonagoficial.

#‚Ä¶",1,Relevante
305,da pra joga valorant suave,1,Relevante
306,eu sou muito ruim no valorant... der me free,1,Relevante
307,valorant podem a prova se meu cora√ß√£o ta bom ou n√£o kkkkkkkk cada susto viado,1,Relevante
308,@rchieev g na valorant,2,Irrelevante
309,"@triaslox0 n√£o concordo tho, acho que s√£o jogos simples e divertidos de jogar. a comunidade precisava disso, est√° tudo farto de ver sempre os mesmos jogos e g√©neros, j√° ningu√©m aguenta lol, valorant e battle royales em geral. acho que esses jogos vieram foi dar uma vida nova ao gaming",2,Irrelevante
310,"mais uma noite sem derrota no valorant
hail satan",1,Relevante
311,@macielgabbs @heloiszza maciel vc joga valorant,2,Irrelevante
312,"@gsmzxv @blxckoutz n√£o √© quest√£o de aguentar (apesar de muitos milhares ainda gostarem do jogo, tipo eu), mas no caso do black, virou uma fonte de renda, ele lucrou muito do jogo, e ele n√£o √© burro de parar de jogar, perder esse lucro inteiro e um competitivo simples de se jogar pra jogar valorant",2,Irrelevante
313,indo jogar valorant depois de 2 semana dedicado ao dota meu deus eu devo t√° uma bosta,1,Relevante
314,acho que vou jogar valorant,1,Relevante
315,@mostopp a desenvolvedora do lol e do valorant,2,Irrelevante
316,algem pode jogar valorant so mandar o idüëçüèº,1,Relevante
317,among us or valorant?ksksks @jae_day6 #fromfriendsjaeandjed,2,Irrelevante
318,√¥ valorant bucet,2,Irrelevante
319,"@justmeyasd que isso, amiga. qualquer coisa eu te migro pro valorant igual fiz com o cs rs",2,Irrelevante
320,rt @mistyumi: √© um castigo ser bronze no valorant,2,Irrelevante
321,"@zirondigabi amanh√£ eu carrego n√£o valorant, vai rolar o among nunca?",2,Irrelevante
322,qm usa odin no valorant bate na mae vei https://t.co/bj4yq8n2rj,2,Irrelevante
323,valorant t√° off?,2,Irrelevante
324,"@joannynhaa s√≥ vale a pena se vc for jogar com seus amigos em call fechada, pq sozinha miseric√≥rdia kkkkkk mas tem uns modos bem legais q da pra vc jogar s√≥, tem o tft tem o legends of runeterra q √© muito lindo, tem o valorant (tipo um cs go)",2,Irrelevante
325,"e o valorant que nao loga de jeito nenhum, diz q vai ficar indisponivel dia 16 sendo q hj √® dia 15 seus burros",1,Relevante
326,@eusalviini o cara joga valorant e quer farpar c meu monster ü§£ü§£ü§£ü§£,2,Irrelevante
327,@henriqu24321714 @sofiaabarreto_ @isildzs @andredantas06 cs e valorant nn eh pesado,2,Irrelevante
328,"pqp, q enrola pra come√ßar essa partida em valorant, porraaa",2,Irrelevante
329,pensando na menina q me xingou ontem no valorant,2,Irrelevante
330,"coisas in√∫teis sobre mim

altura ‚Äî 1,67
tamanho do p√© ‚Äî 39
signo ‚Äî aqu√°rio 
tatuagens ‚Äî 0 (por enquanto)
piercing ‚Äî 0
cor fav ‚Äî azul e amarelo 
s√©rie fav ‚Äî the society 
animal fav ‚Äî gato
comida fav ‚Äî  pizza
bebida fav ‚Äî √°gua
jogo fav ‚Äî the last of us e valorant https://t.co/mm6a8ew57r",2,Irrelevante
331,bom dia oq sera q acontece se eu matar todas minhas aulas p aparender a jogar valorant,1,Relevante
332,procurando duo pra valorant j√° que o meu se aposentou.,1,Relevante
333,"v√≠deo novo:üòÄ
https://t.co/bp6fdvh8ie

#twitchstreamer #clips
#lol #valorant #leagueoflegends #gameplay #alanzoka #gaules",2,Irrelevante
334,vou jogar valorant,1,Relevante
335,a menina vem me fazer inveja e chantagem como se eu ligasse kkkkkk a √∫nica coisa que eu ligo √© para meu elo no valorant fia,2,Irrelevante
336,"grandes jogos na scrim, grandes jogadas no valorant e comecei a assistir kimetsu no yaiba, hoje foi um dia muito bom",2,Irrelevante
337,o cara joga mt qm tiver interesse e tiver procurando uma line de valorant considere bastante chamar ele https://t.co/ux6zskbwzv,1,Relevante
338,"caralho, algu√©m me da um pc, at√© valorant trava, eu sou apaixonado nessa merda, mas eu n√£o consigo rodar saporra, por causa do meu notebook de sla, 2006 (?)",1,Relevante
339,"s√≥ assim pra unir os jogos dnv , o free fire faz muito mas sucesso que valorant, etc e os criador de jogo n pensa nisso !! 

gr√°fico bom √© o crlhoo https://t.co/2sledujs7q",2,Irrelevante
340,nossa a shannon fez a voz da jett do valorant nem imaginava,1,Relevante
341,vai tomar no cu valorant ü•∫,2,Irrelevante
342,baixei vai luan (valorant) pra deixar de enfeite ü§ó,2,Irrelevante
343,"louca pra fazer umas lives de valorant, a pinadeira vai ser grande kkkkkkkk",1,Relevante
344,jerax ta jogando valorant com uma mesa digitalizadora wtf huashsauhduisa,2,Irrelevante
345,"@_viniicim na verdade nesse caso eu t√¥ falando de valorant kkkkk mas eu jogo cod (mobile, console e pc) e ff tbm e nunca ngm me encheu o saco gra√ßas a deus",2,Irrelevante
346,"√© bala de marshal que tu quer? ent√£o tooma qota?
#valorant #valorantclipes use @aimlab

https://t.co/wrkwxlfadd",2,Irrelevante
347,"@amndvndrmi fica at√© de madrugada jogando valorant &gt;:t

se prepare para as enxaquecas que vai ter :v",1,Relevante
348,rt @scheibwe: qm usa odin no valorant bate na mae vei https://t.co/bj4yq8n2rj,2,Irrelevante
349,rc gg!,2,Irrelevante
350,"man, meu vizinho, √© jogador de valorant, as vezes d√° vontade de chamar ele pra jogar, mas n√©, ainda nn vi o √¢ngulo certo pra tacar uma pedra na janela dele com um bilhete.",1,Relevante
351,@portwgas esse jogo s√≥ me estressa... joguei hj dnv dps de sl quanto tempo s√≥ pra me irritar... valorant t√° mais divertido,1,Relevante
352,esse povo que atrasa o rol√™ por causa de valorant hmmmm,1,Relevante
353,"mudando de hor√°rio para tentar fugir do calor.  a mira continua ruim, mas agora pelo menos a live tem legendas tamb√©m! cola a√≠!

https://t.co/9p3ptfjl5a

#twitch #twitchstreamer #quadstick #ablegamers #ablegamersbr #valorant",2,Irrelevante
354,@antonioabreu08 amanha no valorant,2,Irrelevante
355,"@hnrl_uicolvs eu jogo: lol, valorant, fall guys, dbd e qualquer outro jogo que surgiu no caminho sapokdasop",2,Irrelevante
356,"se voc√™ tem um time de valorant e t√° precisando de uma m√°quina de kills, da uma chance pra esse mlk!!!!! https://t.co/gwdwdr9jgm",2,Irrelevante
357,toda partida de valorant que eu jogar cmo o monitor novo vai acabar comigo com lagrimas nos olhos de tanta felicidade,1,Relevante
358,"@douradomg radiante em 4 contas, ploplauer de valorant ex campe√£o mundial da bit de cs go, chegando forte para agregar ao cen√°rio plofissional de valoroso.",2,Irrelevante
359,"dormir bem hoje, pq amanha √© dia de pegar imortal no valorant",1,Relevante
360,"peguei jett pra bagun√ßar! | #valorant @hastadlol  https://t.co/bvcicvooge 

ultra talentoso",2,Irrelevante
361,"quais s√£o os melhores mapas pra treinar no aimlab pra valorant? @hastadlol vc eu vejo treinando, da um help?",2,Irrelevante
362,"mano minha cabe√ßa acabou de explodir fazendo uma teoria sobre a radianita do valorant, me senti o @ipproducoes0 agr",2,Irrelevante
363,eu sou tenebrosa no valorant meu deus do ceu,2,Irrelevante
364,"juro q nao sei como eu consigo ser tao ruim no valorant, pela minha experiencia de fps eu devia no minimo bater em cara do gold e platina, mas nem isso eu consigo",1,Relevante
365,to pensando migrar pro valorant,1,Relevante
366,at√© o fim do ano eu vou voltar a jogar valorant prometokkkk,1,Relevante
367,"rt @otaviogotoso: @lszin_ @rafafranca08 @caduziiiin @sofiaespanha @issueilish exato mano, ontem joguei cs com um e um cara pior q eu me xin‚Ä¶",2,Irrelevante
368,@p_aulov vamoooo valorant (sou ruim em todos os jogos),2,Irrelevante
369,algu√©m ae ta conseguindo comprar valorant points com paypal? n tem a op√ß√£o pra mim :/,1,Relevante
370,fps dropando pra 50 no valorant #esquece estourado,1,Relevante
371,triste por motivos de sou ruim no valorant,1,Relevante
372,"estou em direto na twitch. v√™ em https://t.co/xtfnqjhbpg valorant ranked com o melhor coach!!

@growupesports
@coachcruzz",2,Irrelevante
373,"@panni_xd ta falando do valorant??? meu time ficou com o mesmo problema, eu usou oi e tava de boa",2,Irrelevante
374,"rt @juaumz: acabou porra!!! t√£o cedo quero saber de lol 

mas j√° adianto logo.... algu√©m a√≠ joga fifa? valorant?

como sempre.... novidades‚Ä¶",2,Irrelevante
375,@miyyx nao estressa igual valorant e √© so risadao,2,Irrelevante
376,"o massa √© que eu jogo valorant com fps caindo em 5, tm, e ainda fico em segundo, salvando altos rouds, os cara n faz uma pra ver",2,Irrelevante
377,"voc√™s ja seguem minha twitch?

fa√ßo live duas vezes na semana, jogando valorant, minecraft, at√© uns jogo de terror mal feito.

https://t.co/lzp2cpz7p6

rt + vouch = üòéüôè (da rt na moral)",2,Irrelevante
378,@asashi____ @_lalluxxbaby_ valorant = valora a tus amigos üòºü§ù,2,Irrelevante
379,mais um cheater no valorant...,2,Irrelevante
380,@tacocs mas valorant s√£o 5...,2,Irrelevante
381,"s√°bado, dia 12/09, nosso time de valorant, disputou o on fire cup, ganhando duas partidas e perdendo para a @detonagoficial.

#gosnowüíô https://t.co/dfjd80ua64",2,Irrelevante
382,algu√©m quer jogar valorant?,1,Relevante
383,vai se fude te odeio valorant,1,Relevante
384,"do cs pro valorant,percebi que eu n√£o sei jogar nenhum deles",1,Relevante
385,gostei at√© de valorant,1,Relevante
386,vo faze resenha de valorant quem apoia https://t.co/6njwqd5l5u,2,Irrelevante
387,"@bellastarkweed depois vamo marcar de jogar, que a√≠ a gnt perde junto kkkkkkk t√¥ jogando mais √© valorant, cs tem uma cota q n jogo",2,Irrelevante
388,s√≥ quero viver de valorant agr,1,Relevante
389,"@ancapmat lol
dota
cs
valorant
r6
destiny
osu
e muito mais, vish",2,Irrelevante
390,"eu: nossa to sem tempo pra jogar

eu tbm: hmm acho que vou instalar valorant",1,Relevante
391,rt @tehxcs: jogando com promesas do xile na valorant https://t.co/rzokpbpadn,2,Irrelevante
392,"a coisa que eu mais odeio no valorant s√£o os ferro/bronze falando como se tivessem propriedade de falar algo, porra vc t√° no elo mais baixo do jogo para de encher o saco e joga essa porra calado se vc fosse t√£o bom n tava nesse elo caralho ""tem que ter duelista e n sei oq"" sifude",1,Relevante
393,toda hr tem atualiza√ßao no valorant pqp,1,Relevante
394,@starkiandog bate no port√£o e pede para esposa se pode jogar valorant com o marido dela kkkkkkk,1,Relevante
395,uma partidinha de valorant antes de dormir pra descansar 100% tiltado,1,Relevante
396,valorant roda em notebook?,1,Relevante
397,eu e a giovanna tomando um pau no valorant,1,Relevante
398,"@joaozinhh1 @vooolski te chamar pra jogar valorant, vc sempre me dispensa",2,Irrelevante
399,https://t.co/iq7cetff71 valorant dps lolzin at√© acad,2,Irrelevante
400,faz tempo que eu n√£o jogo valorant,1,Relevante
401,s√≥ queria trocar tiro no valorant mas a internet n deixa,2,Irrelevante
402,@mahbelfortt_ queria mt vc jogando valorant cmg ü•∫,1,Relevante
403,"‚Äúainda t√° jogando?‚Äù
‚Äún√£o, tiltei‚Äù

valorant pq acabastes com o resto de paci√™ncia e sanidade mental que eu ainda tinha, viado",1,Relevante
404,"rt @luisgomesc_: aula no ead come√ßa:
******: ei bora jogar um x1 cs
*****: bora valorant

kkkkkkkkkkk tudo indo bem por aqui",2,Irrelevante
405,manoo o valorant bugou saiu sozinho do jogo mas que caraio,1,Relevante
406,"@grilogouveia @zigooss @notfanp @nyohlzz to pensando ate agora como q vcs foram ter essa ideia kkkk
tipo oh bora fazer uma pika no valorant kkkk",2,Irrelevante
407,"@netokjj @thaliciaa__ valorant n√£o tem mercado ainda, n√£o valoriza, n√£o desvaloriza... e as contas n√£o tem atributos pra valerem a venda ainda, mas manda o id dela a√≠",1,Relevante
408,era s√≥ um valorant com a dudik pra por um sorriso no meu rosto,1,Relevante
409,@pablovermell meu nick do lol e do valorant √© o mesmo do @,2,Irrelevante
410,... nao gostei perdi vou eh jogar valorant msm vei,1,Relevante
411,eu jogando valorant https://t.co/nrh66ynby3,2,Irrelevante
412,"rt @dyxidtc: √© guys, infelizmente √© o fim da line da sws de valorant, sendo assim, estou free agent.. üôåüèª",2,Irrelevante
413,"coisas in√∫teis sobre mim
altura ‚Äî 1,77
idade ‚Äî 17
tamanho do p√© ‚Äî 42
signo ‚Äî sagit√°rio ‚ôêÔ∏è 
tatuagens „Éº 0 
piercing „Éº 0
cor fav „Éº vermelhooo 
s√©rie fav „Éº suits
animal fav „Éº a baleia da @raychristine6 
comida fav „Éº japonesa 
bebida fav „Éº fanta uva 
jogo fav „Éº valorant https://t.co/gofdm7xbyi",2,Irrelevante
414,vontade de jogar valorant credo,1,Relevante
415,"deixando live da twitch aberta pra poder resgatar pontos e trocar por skins no valorant, a que ponto eu cheguei...",2,Irrelevante
416,(pt-br/en/18+) hora de dar tiro e risada! vem jogar valorant! https://t.co/p2rchylt73,1,Relevante
417,rt @kittycatnini: sewing stream surpresa!!! hoje vamos trabalhar no cosplay da killjoy!!! anda dizer um ol√° üíñüíñüíñ desafio aceite @valorant_pt‚Ä¶,2,Irrelevante
418,"passada que tinha 700 pessoas na live da lela, foi s√≥ ela falar ""valorant"" que metade saiu",2,Irrelevante
419,@duda_who dormir 5 da manha por jogar valorant?,1,Relevante
420,@vrau222 valorant amanha 10h na pegada,2,Irrelevante
421,@_ferreiradudu eu t√¥ aq xingando e batendo a mesa com o valorant,2,Irrelevante
422,black saiu do valorant direto pra scrim pro o mlk √© uma lenda,2,Irrelevante
423,caralhoooooo eu n√£o aguento essas mil atualiza√ß√µes do valorant aleatoriamente,1,Relevante
424,"rt @v1nnyzera: primeiro video de valorant frags
rts humildes
https://t.co/ye8or9mtyf",2,Irrelevante
425,"t√° p existir jogo mais bugado do que valorant, pqp",1,Relevante
426,"coisas in√∫teis sobre mim... 
altura: 1,63,
numero do cal√ßado: 37
signo/mbti: le√£o // nsei
tattoo: 0
piercings: 0
cor: preto, vermelho e roxo
s√©rie fav: euphoria
anime fav: kakegurui/citrus
comida: yakisoba 
bebida: pepsi, coca e √°gua 
jogo fav: valorant, mine, re2r, twkkk https://t.co/adzh4segtu",2,Irrelevante
427,√© mt fdp jogando valorant √© imposs√≠vel n√£o ser t√≥xico,1,Relevante
428,@koalailluminati @sheviii2k reclamar do valorant n eh reclamar da vida,2,Irrelevante
429,"rt @beatfps: t√¥ procurando uma line pra jogar uns camp no valorant, t√¥ solo e jogo de suporte, mas tamb√©m posso fazer entry se nescess√°rio.‚Ä¶",2,Irrelevante
430,valorant desgra√ßado consumindo meu tempo,1,Relevante
431,"rt @siqueira____: cs &gt; valorant
o fer √© um monstro
nba2k20 √© horrivel
castanhari &gt; ead

verdades do dia",2,Irrelevante
432,se liguem nesse lindinho do valorant https://t.co/kbsntu5iwm,2,Irrelevante
433,#valorant instalado https://t.co/0meybazkpm,2,Irrelevante
434,slc nem no√© carregou o tanto de animal q nem eu carreguei os cara jogando valorant ontem,1,Relevante
435,"mais uma grande noite de valorant 
jogado 4, perdemo as 4 e a dignidade junto boa noite",1,Relevante
436,eu n sei se streamo valorant 4fun ou se pego brawhalla/lol pra tryhardar,2,Irrelevante
437,"rt @valorantbrasil: ‚ö†Ô∏è aten√ß√£o!

precisamos de um pouco mais de tempo para fazer alguns ajustes, portanto a nova atualiza√ß√£o de valorant se‚Ä¶",2,Irrelevante
438,"rt @hfasmclown: https://t.co/9gd8md5jwx
oi,primeiro video de fortnite depois de jogar valorant,n√£o sejam toxicos d:",2,Irrelevante
439,"rt @phjoga10_: mt silverio abandona a carreira como dj e vira pro player de valorant, em breve nos cinemas",2,Irrelevante
440,eu me humilharia muito f√°cil pela viper do valorant,2,Irrelevante
441,"rt @masterseriespt: s√£o 10,000‚Ç¨ em disputa na @asusrogpt master series @valorant_pt ! queres mostrar o teu valor na pen√≠nsula ib√©rica? esta‚Ä¶",2,Irrelevante
442,"vo joga um valorant, caguei pra soloq",1,Relevante
443,"‚ö†Ô∏è aten√ß√£o!

precisamos de um pouco mais de tempo para fazer alguns ajustes, portanto a nova atualiza√ß√£o de valorant ser√° atrasada em 24h.

a nova atualiza√ß√£o ser√° implementada amanh√£, quarta-feira (16/09), a partir das 13h (hor√°rio de bras√≠lia).

agradecemos a compreens√£o! https://t.co/gdsbkcpbpr",2,Irrelevante
444,queria jogar valorant imagina uma partidinha agr disputa da spike,1,Relevante
445,so o crime no valorant https://t.co/2itq6juhhf,1,Relevante
446,"rt @sacylol: fica aqui meu agradecimento para voc√™s

todo o apoio que tive nas streams, come√ßando pelo lol, transformou minha vida toda, e‚Ä¶",2,Irrelevante
447,primeira partidinha de valorant pai ja chega fazendo ace,1,Relevante
448,"team pirates esports investe no @valorant_pt üîµ‚ö™Ô∏è

hoje anunciamos a nossa aposta na modalidade de valorant, onde procuramos uma equipa competitiva para nos representar.
manda üì© ou envia os dados da tua equipa para recrutamento@teampirates.pt.

#gopirates üîµ‚ö™Ô∏è https://t.co/76npxytvt9",2,Irrelevante
449,@jvlferraz larga mao do cs vamo migra pro valorant joaozinho,1,Relevante
450,"rt @ttvfid0: participe do sorteio e concorra a 2175 valorant points (pacote de r$59,90) para vc usar como quiser!

resultado sai dia 18 de‚Ä¶",2,Irrelevante
451,"cs &gt; valorant
o fer √© um monstro
nba2k20 √© horrivel
castanhari &gt; ead

verdades do dia",2,Irrelevante
452,"@ibadishi atualmente valorant, mas de todos da vida... provavelmente diablo",1,Relevante
453,"@sofiaespanha oi sofia, sou sagitariano e dou skin no valorant",2,Irrelevante
454,"@lucag26 mas se quiser feedar no valorant, tamo ganhando aqui easy hj",2,Irrelevante
455,@ogabrieuh_ oiiiiiiiiiii como vai o valorant?,2,Irrelevante
456,1- ela te troca por partida de valorant mas do nada retorna com 45 msgs,2,Irrelevante
457,@guiidz7 @projota chama o projota pra jogar um valorantzinho hehehe ele abre live de vez em quando pra jogar valorant e outros games... vai que cola n√©,2,Irrelevante
458,"aula no ead come√ßa:
******: ei bora jogar um x1 cs
*****: bora valorant

kkkkkkkkkkk tudo indo bem por aqui",2,Irrelevante
459,"@tavaresrhu @_sharkira n√£o achei muito legal n√£o, deixa eu no meu valorant/overwatch mesmo",2,Irrelevante
460,eu to fechando e abrindo o valorant pq simplesmente sem nada p fazer,1,Relevante
461,"que toda tristeza seja convertida em skill de valorant, am√©m",1,Relevante
462,quero algu√©m p jogar valorant cmg nesse caraleo,1,Relevante
463,"@rafafranca08 @sofiaespanha @issueilish irm√£o, eu nem jogo valorant
eu sou de outro fps
mas por acaso esse post veio parar aq e eu fa√ßo quest√£o de marcar a @riotgamesbrasil @valorantbrasil aqui nesse post
e depois me certifico de reportar esse mlk
atitude t√≥xica de pessoas q n deveriam nem existir em games!",2,Irrelevante
464,2 dia sem jogar valorant e eu j√° fico completamente horr√≠vel meu deus,1,Relevante
465,crian√ßas jogando valorant 1:20 da manha ai eu pergunto onde ta a mae,1,Relevante
466,jogar valorant √© dar bala em radiante e imortal e n√£o conseguir sair do platina pq jogo solo,1,Relevante
467,"fds among fdp, eu vou pegar diamante no valorant se fuder porraüòê",1,Relevante
468,"aiai, esse tal de valorant.... https://t.co/pwup83rlx4",2,Irrelevante
469,"rt @valorantzonegg: üë®‚Äçüè´ guia: entenda o #valorant ignition series e saiba como funciona o circuito

veja quais s√£o os pr√≥ximos campeonatos‚Ä¶",2,Irrelevante
470,"valorant fora do ar amanh√£, a partir das 13h https://t.co/gvecezruty",2,Irrelevante
471,"rt @gatakkj: jogando valorant com tds meus amigos gringos agr
que saudade kkkkkkkkkkkkk",2,Irrelevante
472,@bldcs_ esse √© o valorant,2,Irrelevante
473,"rt @pauloviccs: miau caralho #valorant

üîó https://t.co/04c8vbndom https://t.co/bot6xfka1k",2,Irrelevante
474,"eu era apaixonada em ver as pessoas jogarem valorant, mas agora n√£o consigo nem olhar a tela do jogo aberta",1,Relevante
475,"rt @vinibq_: novidade quent√≠ssima para as lives!!!! agora sim meu subs estar√£o trajados para assistir gameplay de valorant.

@rebecachuffi‚Ä¶",2,Irrelevante
476,sempre q eu jogo normal gamezin no valorant sempre tem um cara mt baludo no outro time,1,Relevante
477,rt @diogogmachadof: valorant √© um jogo de corno,1,Relevante
478,@thereishai vamos mais tarde um valorant,2,Irrelevante
479,"@nichoneves @salvi_theminer @notisxbella eu jogo, mas vc tem q ir uma de valorant cmgüòéüçÉ",2,Irrelevante
480,larguei fortnite fdc valorant eh mt melhor,1,Relevante
481,"segue a√≠, conta diretamente √† #valorant",2,Irrelevante
482,@hwllraiserz amigo sa√≠ dessa vida.. s√≥ vou se for valorant,2,Irrelevante
483,"@1kingbr mano v√°rios jogos ficaram off, valorant e r6 tbmü§¶üèæ‚Äç‚ôÇÔ∏èü§¶üèæ‚Äç‚ôÇÔ∏è",2,Irrelevante
484,"@victorkeos @riotgamesbrasil @riotgames @lolegendsbr @leagueoflegends o melhor √© q tinha uma p√°gina no insta vendendo rp barato, ai fui ver o perfil pra denunciar, eles vendiam smurfs de valorant e skins prest√≠gio, tipo vei??????",2,Irrelevante
485,"rt @glaucia_lemos86: desisto de jogar valorant online no competitivo. joguei de sage. abati 10 e dei 6 de assist√™ncia. mesmo assim, tinha u‚Ä¶",2,Irrelevante
486,@flirtwithdead ahaha eu digo isto pq n nem sei jogar e n tenho amigos nesse jogo pq joga s√≥ fifa ou cs e valorant üò≠,2,Irrelevante
487,"@sofiaespanha @agostini2002 rm√£o, eu nem jogo valorant
eu sou de outro fps
mas por acaso esse post veio parar aq e eu fa√ßo quest√£o de marcar a 
@riotgamesbrasil
 
@valorantbrasil
 aqui nesse post
e depois me certifico de reportar esse mlk
atitude t√≥xica de pessoas q n deveriam nem existir em games!",2,Irrelevante
488,"coisas in√∫teis sobre mim
altura ‚Äî 1,66
idade ‚Äî 18
tamanho do p√© ‚Äî 40/41  üò≠
signo ‚Äî capric√≥rnio
tatuagens ‚Äî 0
piercing ‚Äî 0
cor fav ‚Äî azul
s√©rie fav ‚Äî love victor
animal fav ‚Äî todos
comida fav „Éº macarronada
bebida fav ‚Äî suco de maracuj√°
jogo fav ‚Äî valorant https://t.co/gqmfbkkr3p",2,Irrelevante
489,"anti do valorant funcionando legal, so o meu time todo travando e teleportando na direcao do time inimigo",1,Relevante
490,"vou dormir um pouco, se vazar skin nova do valorant espero que meus amigos lindos me mandem",2,Irrelevante
491,@gabrielzurmely @thaliciaa__ me da skin no valorant que te ajudo com ela,2,Irrelevante
492,"caraio eu fui jogar um valorant hj e foi so arrependimento, n joguei porra nenhuma e pqp como eu to possesso de raiva",2,Irrelevante
493,"@andre1tv player oldschool com disciplina e garra na mesma pegada, joga muito, e √© dedicado como poucos! qualquer time de valorant s√≥ tem a ganhar com ele! quando ele tiver em time top br n√£o vem reclamar depois t√°? bom dia! https://t.co/xbypqekvyu",2,Irrelevante
494,ontem subi a prata 1 no valorant e hj j√° subi pra prata 2 gra√ßas ao meu perfeito namorado ‚ù§Ô∏è,1,Relevante
495,"rt @patochovsk: üí•sorteio de valorant pointsüí•
haver√° 2 ganhadores
ganhador 1: 5550 valorant points
ganhador 2: 5550 valorant points 
üí•quanto‚Ä¶",2,Irrelevante
496,@girafodott valorant tbm,2,Irrelevante
497,jogador de lol foi jogar valorant veja o que rolou,2,Irrelevante
498,"al√¥ valorant, encontro partida nunca ? 20 minutos na fila kkkk",1,Relevante
499,quem vai jogar um valorant cmg hj,1,Relevante
